"id","name","code","account_type","reconcile","description"
"account_private_600","Patrimonio y Fondo Común","600","equity","False","Codigo oficial: 600. Representa el valor de los Activos Fijos Tangibles, la tasación de las tierras, siembras, construcciones, maquinarias, equipos, implementos agrícolas, equipos de riego, inventarios y otros medios aportados por los cooperativistas a las Cooperativas de Producción Agropecuaria al constituirse estas o posteriormente. Se excluyen del concepto anterior, los Activos Fijos Tangibles, Inventarios y Otros Activos entregados a las Unidades Básicas de Producción Agropecuaria, al constituirse estas, que no se consideran Patrimonio por financiarse por el crédito para la dotación inicial entregado por el Banco Nacional de Cuba. En el caso de las Cooperativas, esta cuenta recibe aumentos por los siguientes conceptos en dependencia de las operaciones que puedan ir surgiendo: • Avalúo o tasación que incrementa el valor de los activos fijos tangibles cuando no se consideran ingresos financieros sino Patrimonio por reevaluación por decisión de la Junta Directiva. • Compra de Activos Fijos Tangibles y ejecución de inversiones materiales que se capitalizan por adquirirse a través de las reservas patrimoniales para el desarrollo y compra de activos fijos tangibles e inversiones. • Por los sobrantes de Activos Fijos Tangibles que después de haberse investigado se decide asumirlos en la entidad. • Gastos diferidos a largo plazo procedentes de proyectos, construcciones y otras inversiones materiales en procesos descontinuados por no continuarse las obras o proyectos. • Inversiones financieras que en un futuro pudieran ejecutarse en otras empresas por la adquisición de acciones de capital de acuerdo con la Legislación vigente. • Por la utilización de reservas patrimoniales, por el desarrollo de actividades culturales, recreativas y deportivas realizadas por las cooperativas. • Por otros conceptos de aumentos. En el caso de las Cooperativas, esta cuenta recibe disminuciones por los siguientes conceptos en dependencia de las operaciones que puedan ir surgiendo: • Avalúo o tasación que disminuye el valor de los activos fijos tangibles capitalizados en virtud de reevaluaciones autorizadas por la Junta Directiva o adquiridos mediante la reserva patrimonial para desarrollo y compra de Activos Fijos Tangibles e Inversiones. • Amortización de gastos diferidos a largo plazo, por concepto de proyectos, construcciones y otras inversiones materiales en proceso descontinuados por no continuarse las obras y que fueron capitalizados oportunamente y no se cargan al costo de producción de la cooperativa. • Liquidación de inversiones financieras que de acuerdo a la Legislación vigente pudieran haberse efectuado en otras empresas. • Por la baja de activos fijos tangibles capitalizados en esta cuenta por su valor registrado en libros, ya sea el original o esté incrementado por avalúos o tasaciones. • Por el importe de los activos menos los pasivos registrados en libros al disolverse la cooperativa por decisión de la Comisión Liquidadora. • Por otros conceptos de disminuciones. En el caso de las Unidades Básicas de Producción Cooperativa, esta cuenta recibe aumentos por los siguientes conceptos en dependencia de las operaciones que pueda ir surgiendo: • Avalúo o tasación que incrementa el valor de los activos fijos tangibles cuando no se consideran ingresos financieros sino Patrimonio por reevaluación por decisión de la Junta Directiva. • Compra de Activos Fijos Tangibles y ejecución de inversiones materiales que se capitalizan por adquirirse a través de las reservas patrimoniales para adquisición de activos fijos tangibles e inventarios, para la construcción de viviendas, para la construcción de instalaciones productivas y sociales. • Gastos diferidos a largo plazo procedentes de proyectos, construcciones y otras inversiones materiales en proceso descontinuados por no continuarse las obras o proyectos. • Inversiones financieras que en un futuro pudieran ejecutarse en otras empresas por la adquisición de acciones de capital de acuerdo con la Legislación vigente. • Por la utilización de reservas patrimoniales, por el desarrollo de actividades culturales, recreativas y deportivas realizadas por la UBPC a cuenta de la reserva de estímulos. • Por los sobrantes de Activos Fijos Tangibles que después de haberse investigado se decide asumirlos en la entidad. • Por otros conceptos de aumentos. En el caso de las Unidades Básicas de Producción Cooperativas, esta cuenta recibe disminuciones por los siguientes conceptos en dependencia de las operaciones que puedan ir surgiendo: • Avalúo o tasación que disminuye el valor de los activos fijos tangibles capitalizados en virtud de reevaluaciones autorizadas por la Junta directiva o adquiridos mediante las reservas patrimoniales para adquisición de Activos Fijos Tangibles e Inversiones, para la construcción de viviendas, instalaciones productivas y sociales. • Amortización de gastos diferidos a largo plazo, por concepto de proyectos, construcciones y otras inversiones materiales en proceso descontinuados por no continuarse las obras y que fueron capitalizados oportunamente y no se cargan al costo de producción de la UBPC. • Liquidación de inversiones financieras que de acuerdo a la Legislación vigente pudieran haberse efectuado en otras empresas. • Por la baja de activos fijos tangibles capitalizados en esta cuenta por su valor registrado en libros, ya sea el original o esté incrementando por avalúos o tasaciones. • Por el importe de los activos menos los pasivos registrados en libros al disolverse la UBPC por la decisión de la comisión Liquidadora. • Por los conceptos de disminuciones. El saldo de esta cuenta representa el patrimonio de la CPA o UBPC. Este rango de cuentas se utilizará para registrar el Patrimonio de aquellas entidades privadas que no están constituidas por acciones. Incluye las cooperativas no agropecuarias. Se acreditan por los conceptos acreedores que aparecen en el contenido de la cuenta. Se debitan por los conceptos deudores que aparecen en el contenido de la cuenta."
"account_private_601","Capital Social Autorizado","601","equity","False","Rango oficial: 601 a 603. Representa el capital en acciones a su valor nominal autorizado en la escritura de constitución. Se acreditan por valor total autorizado y permanece en libros como constancia de esta autorización y se debitan cuando se decide reducirlo mediante escritura de constitución."
"account_private_604","Acciones por Emitir","604","equity","False","Rango oficial: 604 a 606. Su saldo representa el total de acciones autorizadas no emitidas a su valor nominal. Se debitan por el monto del Capital Autorizado según escritura de constitución al crearse la Sociedad Anónima y se acreditan al emitirse las acciones con cargo a Efectivo o a otros activos recibidos."
"account_private_607","Acciones Suscritas","607","equity","False","Rango oficial: 607 a 609. Surge como contrapartida de la cuenta Suscriptores de Acciones cuando se acepta el compromiso de pago aplazado de las acciones autorizadas a su valor nominal. Se acreditan cuando se crea el compromiso de adquisición y se debitan cuando se han realizado todos los pagos parciales contra la cuenta de Acciones por Emitir pues es el momento en que se consideran emitidas."
"account_private_610","Subscriptores de Acciones","610","equity","False","Codigo oficial: 610. Se registra en esta cuenta el importe del compromiso de pagar a plazos, un monto determinado de las acciones autorizadas, cuyos certificados no se emiten hasta que no hayan sido pagadas totalmente. Se debitan cuando se crea el compromiso de pago aplazado, es decir en el momento en que se suscriben y se acreditan cuando se reciben los pagos parciales, hasta su pago total."
"account_private_611","Acciones en Tesorería","611","equity","False","Rango oficial: 611 a 612. Representa el valor de la compra de acciones emitidas por la sociedad, las cuales no se tiene la intención de retirar sino de guardar en tesorería. No constituyen un activo pues la empresa no puede poseer una parte de ella misma por lo que se restan en la Sección de Capital del Estado de Situación. Se debitan cuando se adquieren por su valor nominal y se acreditan cuando se decide venderlas o cancelarlas."
"account_private_613","Revalorización de Activos Fijos Tangibles","613","equity","False","Rango oficial: 613 a 615. Comprende el importe de la Reevaluación de activos que implica un incremento del valor. Se acreditan por el incremento de valor actual de los Activos Fijos Tangibles como resultado de un avalúo o por decisiones estatales y se debitan al capitalizarse."
"account_private_616","Otras Operaciones de Capital","616","equity","False","Rango oficial: 616 a 619. Comprende el importe de otras operaciones de capital, como es el caso de las operaciones entre subsidiarias y sucursales con la casa matriz, el cierre de las operaciones entre dependencias en aquellas sucursales de sociedades mercantiles ciento por ciento cubanas que tienen la contabilidad descentralizada entre otros. Considera las disminuciones del valor de los Activos Fijos Tangibles resultante de los avalúos. Se acreditan por el importe de otras operaciones de capital y revaluaciones que incrementen el patrimonio y se debitan por otras operaciones que disminuyan el patrimonio."
"account_private_620","Donaciones Recibidas-Nacionales","620","equity","False","Codigo oficial: 620. Ver uso y contenido definido anteriormente en Patrimonio Neto Sector Público."
"account_private_621","Donaciones Recibidas-Exterior","621","equity","False","Codigo oficial: 621. Ver uso y contenido definido anteriormente en Patrimonio Neto Sector Público."
"account_private_626","Donaciones Entregadas-Nacionales","626","equity","False","Codigo oficial: 626. Ver uso y contenido definido anteriormente en Patrimonio Neto Sector Público."
"account_private_627","Donaciones Entregadas - Exterior","627","equity","False","Codigo oficial: 627. Ver uso y contenido definido anteriormente en Patrimonio Neto Sector Público."
"account_private_630","Utilidades Retenidas","630","equity","False","Rango oficial: 630 a 634. Se registran en estas cuentas las utilidades obtenidas en el período contable para su distribución. Se acreditan al final del período contable, por los resultados positivos obtenidos y se debitan por los pagos efectuados a cuenta de las utilidades por el Impuesto sobre Utilidades, por la distribución de dividendos, financiamiento de pérdidas, por la creación de las reservas patrimoniales autorizadas y los importes pendientes de pago con otros destinos autorizados."
"account_private_635","Subvención por Pérdida","635","equity","False","Rango oficial: 635 a 639. En estas cuentas se registran los recursos recibidos del Presupuesto del Estado para subvencionar las pérdidas obtenidas por las empresas y las unidades presupuestadas de tratamiento especial. Se acreditan por los recursos recibidos, de acuerdo con las disposiciones financieras vigentes. En el caso de que la subvención recibida sea para financiar pérdidas de años anteriores, se debitan contra la cuenta de Pérdida. En el caso de que la subvención recibida sea para financiar pérdidas planificadas del ejercicio, el débito contra la cuenta de Pérdida se realizará al finalizar el ejercicio contable. De resultar haber recibido una subvención en exceso a la pérdida real, dicha diferencia se registra en la cuenta de Obligaciones con el Presupuesto del Estado, Obligaciones con el Órgano u Organismo o con la Organización Superior de Dirección según el origen del financiamiento."
"account_private_640","Pérdida","640","equity","False","Rango oficial: 640 a 644. Se registran en estas cuentas los resultados negativos obtenidos en cada período contable pendientes de financiar. Se debitan por el resultado negativo de cada período contable y se acreditan por las utilidades futuras destinadas al financiamiento de pérdidas y por la utilización de la reserva patrimonial creada para estos fines."
"account_private_645","Reservas para Contingencias","645","equity","False","Codigo oficial: 645. Se registra en esta cuenta el importe que se acumula para contingencias a partir de las utilidades de cada período contable de acuerdo con las disposiciones financieras vigentes. Se acreditan por los importes reservados y se debitan por la utilización de estos."
"account_private_646","Otras Reservas Patrimoniales","646","equity","False","Rango oficial: 646 a 654. Se registran en estas cuentas los importes que se acumulan con destinos específicos, a partir de las utilidades de cada período contable, de acuerdo con las disposiciones financieras vigentes. Comprenden entre otras: a) Amortización de Créditos b) Incrementos del Capital de Trabajo c) Inversiones d) Desarrollo e investigaciones e) Capacitación f) Financiamiento de pérdidas contables de años anteriores g) Fondo de Compensación h) Pago por la eficiencia económica de los trabajadores. Se acreditan por los importes reservados y se debitan por la utilización de estos."
"account_private_688","Fondo de Contravalor para Proyectos de Inversión","688","equity","False","Codigo oficial: 688. Se registra en esta cuenta los financiamientos adelantados recibidos del Banco Nacional de Cuba de los programas de conversión de deudas para gastos en moneda local en Cuba, vinculados exclusivamente con la ejecución del proyecto de inversión de que se trate, es decir, realización de estudios de preinversión, asistencia técnica para la definición de los proyectos, construcción y montaje, adquisición de materias primas e insumos locales, entre otros, aprobados en los comité binacional creados a tales fines. Los saldos de esta cuenta, no se capitalizan hasta la disolución de las empresas."
"account_private_690","Pago a Cuentas de las Utilidades Sociedades Mercantiles","690","equity","False","Codigo oficial: 690. Se registran en esta cuenta los importes parciales pagados a cuenta del Impuestos sobre Utilidades o del aporte por el Rendimiento de la Inversión Estatal, cuando se liquida por la entidad o las remesas de recursos monetarios enviados por las unidades subordinadas a la unidad que centraliza el pago de las utilidades. Incluye los anticipos de ingresos que otorgan las cooperativas a sus miembros con cargo a las utilidades. Se debitan por las liquidaciones o remesas efectuadas a cuenta de las utilidades y se acreditan al concluir el ejercicio económico, determinar el resultado real obtenido y fijarse la obligación de la deuda pendiente o del recurso pagado en exceso."
"account_private_691","Pago a Cuenta de los Dividendos","691","equity","False","Codigo oficial: 691. Se registran en esta cuenta los importes parciales pagados a cuenta de los dividendos, enviados por las unidades económicas a sus accionistas y de acuerdo con la legislación vigente. Incluye los financiamientos adelantados a las organizaciones superiores de dirección o administración cuando se utilice esta forma de financiamiento. Se debitan por las liquidaciones o remesas efectuadas a cuenta de las utilidades y se acreditan al concluir el ejercicio económico, determinar el resultado real obtenido y fijarse la obligación de la deuda pendiente o del recurso pagado en exceso."
"account_private_693_0010","Pago a Cuenta de Utilidades Sector Cooperativo - Anticipo a Cooperativistas","693.0010","equity","False","Codigo oficial: 693. Se registran en esta cuenta los importes parciales pagados a cuenta del Impuestos sobre Utilidades o del aporte por el Rendimiento de la Inversión Estatal, cuando se liquida por la entidad o las remesas de recursos monetarios enviados por las unidades subordinadas a la unidad que centraliza el pago de las utilidades. Incluye los anticipos de ingresos que otorgan las cooperativas a sus miembros con cargo a las utilidades. Se debitan por las liquidaciones o remesas efectuadas a cuenta de las utilidades y se acreditan al concluir el ejercicio económico, determinar el resultado real obtenido y fijarse la obligación de la deuda pendiente o del recurso pagado en exceso. Esta cuenta se analiza por las subcuentas de uso obligatorio definidas en el nomenclador de cuentas."
"account_private_693_0020","Pago a Cuenta de Utilidades Sector Cooperativo - Pago de Tributos","693.0020","equity","False","Codigo oficial: 693. Se registran en esta cuenta los importes parciales pagados a cuenta del Impuestos sobre Utilidades o del aporte por el Rendimiento de la Inversión Estatal, cuando se liquida por la entidad o las remesas de recursos monetarios enviados por las unidades subordinadas a la unidad que centraliza el pago de las utilidades. Incluye los anticipos de ingresos que otorgan las cooperativas a sus miembros con cargo a las utilidades. Se debitan por las liquidaciones o remesas efectuadas a cuenta de las utilidades y se acreditan al concluir el ejercicio económico, determinar el resultado real obtenido y fijarse la obligación de la deuda pendiente o del recurso pagado en exceso. Esta cuenta se analiza por las subcuentas de uso obligatorio definidas en el nomenclador de cuentas."
"account_private_693_0030","Pago a Cuenta de Utilidades Sector Cooperativo - Otros","693.0030","equity","False","Codigo oficial: 693. Se registran en esta cuenta los importes parciales pagados a cuenta del Impuestos sobre Utilidades o del aporte por el Rendimiento de la Inversión Estatal, cuando se liquida por la entidad o las remesas de recursos monetarios enviados por las unidades subordinadas a la unidad que centraliza el pago de las utilidades. Incluye los anticipos de ingresos que otorgan las cooperativas a sus miembros con cargo a las utilidades. Se debitan por las liquidaciones o remesas efectuadas a cuenta de las utilidades y se acreditan al concluir el ejercicio económico, determinar el resultado real obtenido y fijarse la obligación de la deuda pendiente o del recurso pagado en exceso. Esta cuenta se analiza por las subcuentas de uso obligatorio definidas en el nomenclador de cuentas."
"account_private_696","Operaciones entre Dependencias (Solo para el Sector Cooperativo)","696","equity","False","Codigo oficial: 696. cooperativo) Representan los importes correspondientes a los traslados de recursos y demás operaciones que se realizan entre la entidad y sus dependencias, fábricas y establecimientos, sin que medie pago alguno. Esta cuenta recibe débitos y créditos por los bienes u operaciones recibidos y entregados. Las operaciones que al final del mes se encuentren en tránsito, cuyos créditos en estas cuentas aún no se hayan producido, serán registradas acreditándose en estas cuentas, con débito a las cuentas que les dieron origen, analizándose como “Partidas en Tránsito”. El saldo de esta cuenta, a nivel de empresa, tiene que ser cero al final de cada período intermedio y al final del ejercicio contable."
"account_private_697","Revaluación de Inventarios","697","equity","False","Codigo oficial: 697. Representa la ganancia o pérdida por la revaluación de inventarios. Se debitan por la Pérdida resultante de la revaluación de los inventarios que se decide por el Ministerio de Finanzas y Precios que no afecte los resultados de la entidad. Se acreditan por el incremento del valor de los inventarios revaluados y se debita por la disminución del valor de los inventarios revaluados. Al cierre del ejercicio contable se cancela contra la cuenta Otras Operaciones de Capital."
"account_private_698","Ganancia o Pérdida no Realizada","698","equity","False","Codigo oficial: 698. Representa la ganancia o pérdida no realizada por la conversión de las partidas monetarias nominalizadas en moneda extranjera. Se debitan por la Pérdida no realizada resultante de la valuación de las partidas monetarias nominalizadas en moneda extranjera. Se acreditan por la Ganancia no realizada, resultante de la valuación de las mencionadas partidas. Queda con saldos al final de cada período o del ejercicio contable donde existan partidas monetarias revaluadas. Al inicio del siguiente período contable se revierte la operación, cuando no se utilice como cuenta de conversión."
"account_private_699","Transitoria del Sistema Automatizado","699","equity","False","Codigo oficial: 699. Esta cuenta es para uso exclusivo de los sistemas informáticos por la concepción del tratamiento y registro de las operaciones en esta aplicación informática. Su saldo tiene que ser cero al final de cada período intermedio y al final del ejercicio contable."
